Epoch,Beta,Time_s,Train_Total_Loss,Train_Recon_MSE,Train_Active_SmoothL1,Train_Contact_Focal,Train_KLD_Loss,Train_Raw_KLD_Loss,Train_Gate_Balance,Val_Recon_MSE,Val_Active_SmoothL1,Val_Contact_Focal,Val_Contact_Micro_F1,Val_Contact_Macro_F1,Val_Contact_Micro_Precision,Val_Contact_Micro_Recall,Val_F1_Pelvis,Val_F1_Spine,Val_F1_Right_Hand,Val_F1_Left_Hand,Val_F1_Right_Foot,Val_F1_Left_Foot,Grad_Norm,Gate_Exp_1,Gate_Exp_2,Gate_Exp_3
1,0.00010,1317.63,0.021483,0.006053,0.004195,0.003625,1.049414,0.962846,0.256126,0.003091,0.002449,0.002122,0.835919,0.772756,0.718747,0.998735,0.897293,0.698454,0.639395,0.676999,0.870402,0.853991,0.1376,0.1351,0.7440,0.1209
2,0.00020,1322.00,0.014372,0.002797,0.002077,0.002054,0.659784,0.512416,0.313129,0.003642,0.003502,0.002357,0.835780,0.805271,0.718411,0.998989,0.931285,0.764918,0.705863,0.735060,0.889149,0.805354,0.0663,0.1016,0.7900,0.1084
3,0.00030,1322.72,0.013599,0.002169,0.001597,0.001581,0.654529,0.469859,0.362454,0.004854,0.005080,0.003082,0.816421,0.792422,0.690124,0.999298,0.915397,0.752503,0.683590,0.755037,0.858354,0.789648,inf,0.0977,0.8246,0.0778
4,0.00040,1324.33,0.013246,0.001830,0.001333,0.001333,0.650257,0.443901,0.391127,0.001907,0.002121,0.001546,0.904997,0.854612,0.828272,0.997388,0.960212,0.760164,0.750048,0.812212,0.938374,0.906663,inf,0.0917,0.8436,0.0648
5,0.00050,1323.78,0.013109,0.001621,0.001181,0.001193,0.646495,0.412049,0.410326,0.001780,0.002125,0.001424,0.913158,0.849565,0.842049,0.997384,0.933943,0.743707,0.764936,0.778946,0.947748,0.928109,inf,0.0864,0.8559,0.0576
6,0.00060,1324.63,0.012886,0.001467,0.001070,0.001096,0.644304,0.389969,0.417174,0.002253,0.002409,0.001492,0.885580,0.842327,0.795356,0.998894,0.954027,0.773152,0.760761,0.765543,0.904149,0.896333,inf,0.0843,0.8603,0.0554
7,0.00070,1324.74,0.012680,0.001356,0.000994,0.001025,0.643152,0.371418,0.418676,0.002156,0.002025,0.001467,0.888025,0.848619,0.799091,0.999234,0.944358,0.811384,0.761880,0.770094,0.894998,0.908999,inf,0.0831,0.8612,0.0557
8,0.00080,1318.97,0.012438,0.001268,0.000930,0.000970,0.642357,0.352962,0.415491,0.002006,0.001598,0.001494,0.903003,0.856697,0.823924,0.998873,0.927278,0.770094,0.780111,0.824120,0.907391,0.931188,inf,0.0835,0.8592,0.0572
9,0.00090,1293.92,0.012278,0.001217,0.000890,0.000937,0.641944,0.337788,0.411782,0.001992,0.002448,0.001545,0.898840,0.871424,0.817264,0.998506,0.959949,0.830231,0.797121,0.826756,0.931550,0.882938,inf,0.0844,0.8569,0.0587
10,0.00100,1304.09,0.012045,0.001154,0.000853,0.000898,0.641701,0.325125,0.404745,0.001661,0.002701,0.001441,0.933071,0.874104,0.878880,0.994383,0.958925,0.799074,0.761428,0.812872,0.946494,0.965829,inf,0.0842,0.8525,0.0633
11,0.00100,1308.85,0.011945,0.001107,0.000819,0.000868,0.641425,0.320800,0.406212,0.001740,0.003616,0.001826,0.941919,0.884238,0.899601,0.988414,0.957930,0.797718,0.794275,0.827598,0.961214,0.966696,inf,0.0835,0.8534,0.0631
12,0.00100,1325.51,0.011997,0.001066,0.000791,0.000843,0.641195,0.312173,0.414236,0.001837,0.002531,0.001393,0.910023,0.870616,0.836255,0.998064,0.950596,0.801557,0.795076,0.830693,0.917262,0.928513,inf,0.0832,0.8585,0.0583
13,0.00100,1325.03,0.012005,0.001040,0.000773,0.000826,0.641154,0.310753,0.418238,0.001728,0.001576,0.001402,0.920437,0.878977,0.853796,0.998361,0.956505,0.799018,0.812367,0.837928,0.937093,0.930950,inf,0.0832,0.8610,0.0558
14,0.00100,1306.04,0.011886,0.000997,0.000743,0.000800,0.641033,0.305006,0.418110,0.001482,0.001742,0.001306,0.934231,0.877961,0.879562,0.996145,0.971373,0.790106,0.768732,0.827380,0.943690,0.966481,inf,0.0834,0.8609,0.0557
15,0.00100,1305.77,0.011831,0.000981,0.000730,0.000789,0.640959,0.303713,0.417674,0.001462,0.002214,0.001293,0.941906,0.883955,0.893749,0.995548,0.965843,0.782542,0.791993,0.836827,0.959604,0.966924,inf,0.0833,0.8606,0.0561
16,0.00100,1314.67,0.011736,0.000952,0.000712,0.000772,0.640859,0.299798,0.416719,0.002225,0.003174,0.001684,0.899178,0.875701,0.817960,0.998304,0.965456,0.856025,0.781198,0.838313,0.935557,0.877656,inf,0.0836,0.8600,0.0564
17,0.00100,1323.82,0.011672,0.000935,0.000698,0.000761,0.640839,0.297379,0.416001,0.001950,0.001930,0.001378,0.904188,0.857163,0.825746,0.999097,0.947113,0.791349,0.755295,0.807501,0.930087,0.911633,inf,0.0838,0.8596,0.0566
18,0.00100,1322.19,0.011591,0.000912,0.000684,0.000748,0.640822,0.296315,0.414852,0.001527,0.002681,0.001526,0.944188,0.894995,0.900335,0.992532,0.961283,0.827436,0.806416,0.850613,0.958530,0.965692,inf,0.0839,0.8589,0.0572
19,0.00100,1308.03,0.011460,0.000887,0.000667,0.000732,0.640749,0.296027,0.411537,0.001478,0.002580,0.001499,0.939907,0.886197,0.890987,0.994512,0.957217,0.807852,0.792080,0.839780,0.945616,0.974639,inf,0.0850,0.8568,0.0583
20,0.00100,1306.27,0.011442,0.000875,0.000658,0.000725,0.640700,0.293061,0.412382,0.001478,0.003194,0.001663,0.948807,0.897347,0.909293,0.991910,0.966677,0.829123,0.801152,0.851643,0.963563,0.971921,inf,0.0849,0.8573,0.0578
21,0.00100,1313.52,0.011340,0.000857,0.000649,0.000715,0.640698,0.291018,0.409363,0.001504,0.001854,0.001307,0.932082,0.885438,0.874970,0.997170,0.964347,0.821033,0.783910,0.846457,0.955266,0.941612,inf,0.0863,0.8554,0.0584
22,0.00100,1324.83,0.011334,0.000844,0.000641,0.000706,0.640652,0.290610,0.410710,0.001561,0.002638,0.001602,0.942707,0.889094,0.897661,0.992514,0.957637,0.808219,0.798546,0.845237,0.958433,0.966491,inf,0.0861,0.8562,0.0577
23,0.00100,1316.81,0.011266,0.000825,0.000628,0.000692,0.640568,0.285463,0.409911,0.001723,0.001905,0.001509,0.916401,0.880487,0.847427,0.997597,0.958579,0.828221,0.787345,0.853075,0.937118,0.918584,inf,0.0877,0.8556,0.0566
24,0.00100,1297.15,0.011277,0.000814,0.000622,0.000687,0.640568,0.285224,0.411766,0.002059,0.002169,0.001581,0.905975,0.866059,0.828835,0.998948,0.942212,0.794039,0.791053,0.830474,0.935250,0.903324,inf,0.0873,0.8568,0.0559
25,0.00100,1298.14,0.011299,0.000799,0.000614,0.000678,0.640528,0.284393,0.414637,0.001591,0.002234,0.001451,0.920323,0.882244,0.854683,0.996885,0.959274,0.834535,0.793779,0.839969,0.940896,0.925010,inf,0.0861,0.8586,0.0553
26,0.00100,1304.99,0.011298,0.000794,0.000605,0.000675,0.640519,0.285267,0.415782,0.001545,0.002017,0.001341,0.924264,0.885135,0.860848,0.997766,0.948822,0.827137,0.802573,0.857364,0.946031,0.928880,inf,0.0854,0.8594,0.0552
27,0.00100,1326.78,0.011253,0.000783,0.000600,0.000669,0.640484,0.282493,0.414803,0.001362,0.002042,0.001227,0.934928,0.893239,0.880350,0.996721,0.966155,0.852553,0.801271,0.840095,0.951466,0.947895,inf,0.0860,0.8588,0.0552
28,0.00100,1322.67,0.011223,0.000768,0.000589,0.000660,0.640483,0.281506,0.415312,0.001857,0.002238,0.001544,0.917854,0.878451,0.849558,0.998091,0.950093,0.811708,0.800160,0.845831,0.957066,0.905848,inf,0.0858,0.8591,0.0552
29,0.00100,1327.13,0.011223,0.000754,0.000582,0.000651,0.640467,0.279767,0.416957,0.001349,0.001941,0.001319,0.939098,0.888914,0.887981,0.996460,0.956076,0.821551,0.794442,0.846420,0.946665,0.968326,inf,0.0852,0.8601,0.0547
30,0.00100,1317.27,0.011243,0.000746,0.000576,0.000646,0.640442,0.280390,0.419045,0.001462,0.002005,0.001415,0.928455,0.898344,0.868793,0.996915,0.960818,0.876490,0.818321,0.857824,0.935915,0.940694,inf,0.0844,0.8614,0.0542
31,0.00100,1307.25,0.011233,0.000735,0.000569,0.000639,0.640430,0.278053,0.419937,0.001413,0.001702,0.001349,0.934539,0.891004,0.879356,0.997111,0.946172,0.828500,0.820063,0.851461,0.944770,0.955056,inf,0.0837,0.8620,0.0543
32,0.00100,1305.88,0.011228,0.000727,0.000564,0.000634,0.640417,0.277000,0.420766,0.001388,0.002096,0.001478,0.939249,0.898302,0.888560,0.996071,0.973280,0.838292,0.816044,0.856690,0.953767,0.951739,inf,0.0836,0.8625,0.0539
33,0.00100,1320.17,0.011206,0.000721,0.000559,0.000631,0.640419,0.277428,0.420536,0.002075,0.002895,0.001742,0.909148,0.881287,0.834939,0.997837,0.966238,0.847963,0.787388,0.850680,0.939918,0.895537,inf,0.0838,0.8624,0.0538
34,0.00100,1325.86,0.011184,0.000710,0.000557,0.000623,0.640405,0.275788,0.420406,0.001899,0.002233,0.001591,0.914262,0.880614,0.843359,0.998182,0.954044,0.827053,0.802396,0.849962,0.945192,0.905037,inf,0.0838,0.8623,0.0539
35,0.00100,1323.12,0.011141,0.000693,0.000546,0.000613,0.640378,0.273248,0.420478,0.002243,0.006082,0.004512,0.941176,0.895581,0.919193,0.964236,0.973736,0.828071,0.805734,0.851081,0.962234,0.952629,inf,0.0836,0.8624,0.0540
36,0.00100,1320.42,0.011144,0.000694,0.000542,0.000614,0.640384,0.277113,0.420906,0.001559,0.003542,0.001963,0.951202,0.901788,0.918447,0.986379,0.964846,0.839228,0.814651,0.852673,0.963087,0.976244,inf,0.0834,0.8626,0.0539
37,0.00100,1301.41,0.011151,0.000692,0.000545,0.000614,0.640349,0.271680,0.421090,0.001468,0.003265,0.001853,0.950447,0.908858,0.913596,0.990396,0.965299,0.886351,0.814469,0.854901,0.956604,0.975527,inf,0.0834,0.8627,0.0539
38,0.00100,1299.83,0.011123,0.000672,0.000535,0.000600,0.640346,0.272188,0.422125,0.001518,0.003421,0.001824,0.955008,0.904828,0.923187,0.989101,0.975938,0.849031,0.814404,0.842405,0.970585,0.976605,inf,0.0828,0.8634,0.0538
39,0.00100,1304.72,0.011090,0.000670,0.000531,0.000599,0.640346,0.273649,0.420886,0.001893,0.002977,0.001786,0.932276,0.892644,0.876453,0.995694,0.960245,0.845565,0.808207,0.849403,0.967625,0.924822,inf,0.0833,0.8626,0.0541
40,0.00100,1311.22,0.011065,0.000662,0.000529,0.000595,0.640346,0.271472,0.420395,0.001330,0.001658,0.001266,0.940663,0.895130,0.890336,0.997021,0.966202,0.830086,0.815722,0.845725,0.962725,0.950318,inf,0.0836,0.8623,0.0541
41,0.00100,1317.27,0.011062,0.000656,0.000525,0.000591,0.640304,0.271011,0.420981,0.001253,0.001808,0.001212,0.945541,0.898168,0.899320,0.996771,0.967230,0.840802,0.816253,0.839350,0.961634,0.963736,inf,0.0834,0.8627,0.0539
42,0.00100,1324.63,0.011030,0.000646,0.000518,0.000585,0.640344,0.270853,0.420787,0.002076,0.005524,0.003523,0.946624,0.897362,0.923126,0.971350,0.956717,0.835276,0.806578,0.855169,0.967176,0.963257,inf,0.0834,0.8625,0.0540
43,0.00100,1324.43,0.011013,0.000642,0.000515,0.000582,0.640315,0.266997,0.420499,0.002119,0.003158,0.001891,0.913179,0.886375,0.842251,0.997152,0.969628,0.844166,0.812660,0.848476,0.953629,0.889695,inf,0.0836,0.8624,0.0540
44,0.00100,1324.23,0.011011,0.000647,0.000515,0.000587,0.640301,0.269514,0.419937,0.002387,0.003431,0.002281,0.901905,0.883768,0.823636,0.996612,0.969380,0.839751,0.829671,0.852106,0.926975,0.884722,inf,0.0838,0.8620,0.0542
